{
  "nombre_modelo": "1workerStandarCPU",
  "fecha_guardado": "2026-03-17 20:36:22",
  "precision_test": 92.62857142857143,
  "epocas": 500,
  "learning_rate": 0.1,
  "training_time_seconds": 775.424831867218,
  "arquitectura": {
    "entrada": 784,
    "oculta": 128,
    "salida": 10
  },
  "info_extra": {
    "num_particiones": 1,
    "architecture": "Distributed with Sockets",
    "server_host": "10.128.0.5",
    "server_port": 9999,
    "tiempo_total_segundos": 775.424831867218,
    "historial_intervalo_epochs": [
      1,
      10,
      20,
      30,
      40,
      50,
      60,
      70,
      80,
      90,
      100,
      110,
      120,
      130,
      140,
      150,
      160,
      170,
      180,
      190,
      200,
      210,
      220,
      230,
      240,
      250,
      260,
      270,
      280,
      290,
      300,
      310,
      320,
      330,
      340,
      350,
      360,
      370,
      380,
      390,
      400,
      410,
      420,
      430,
      440,
      450,
      460,
      470,
      480,
      490,
      500
    ],
    "historial_intervalo_times": [
      0.945069,
      14.820622,
      30.133879,
      47.154378,
      62.41536,
      77.763495,
      93.067464,
      110.859356,
      126.219585,
      141.669701,
      157.077527,
      172.365244,
      187.698491,
      203.047393,
      218.442524,
      233.796001,
      249.06111,
      264.34803,
      279.743192,
      294.977408,
      310.255025,
      325.551492,
      341.022677,
      356.310139,
      371.627758,
      386.916395,
      402.442894,
      417.677217,
      432.924834,
      449.721164,
      467.643059,
      482.899941,
      498.169151,
      513.504956,
      528.797145,
      544.087321,
      559.398272,
      574.808863,
      590.183157,
      605.586786,
      620.875337,
      636.247603,
      651.648497,
      666.991329,
      682.381147,
      697.833747,
      713.263512,
      728.561111,
      743.815627,
      759.280201,
      774.641258
    ],
    "historial_intervalo_acc_train": [
      17.485714,
      64.128571,
      75.583673,
      80.659184,
      83.295918,
      84.785714,
      85.759184,
      86.520408,
      87.05102,
      87.432653,
      87.85102,
      88.106122,
      88.312245,
      88.57551,
      88.808163,
      89.04898,
      89.218367,
      89.334694,
      89.510204,
      89.626531,
      89.789796,
      89.922449,
      90.059184,
      90.163265,
      90.24898,
      90.35102,
      90.420408,
      90.542857,
      90.634694,
      90.720408,
      90.814286,
      90.87551,
      90.946939,
      91.018367,
      91.114286,
      91.171429,
      91.214286,
      91.255102,
      91.344898,
      91.416327,
      91.469388,
      91.536735,
      91.591837,
      91.646939,
      91.7,
      91.777551,
      91.836735,
      91.902041,
      91.940816,
      91.977551,
      92.032653
    ],
    "historial_intervalo_loss": [
      2.279319,
      1.620364,
      1.152214,
      0.891745,
      0.744,
      0.65276,
      0.591572,
      0.54777,
      0.51476,
      0.488899,
      0.468015,
      0.450723,
      0.436113,
      0.423549,
      0.41259,
      0.402929,
      0.394317,
      0.386569,
      0.379549,
      0.373147,
      0.36727,
      0.361843,
      0.356803,
      0.352107,
      0.347711,
      0.343578,
      0.339678,
      0.335985,
      0.332481,
      0.329148,
      0.325966,
      0.32292,
      0.320001,
      0.317195,
      0.314493,
      0.311888,
      0.309374,
      0.306943,
      0.30459,
      0.302312,
      0.300102,
      0.297956,
      0.295872,
      0.293842,
      0.291864,
      0.289935,
      0.288049,
      0.286206,
      0.284404,
      0.282641,
      0.280916
    ]
  }
}