{
  "nombre_modelo": "3workersStandarCPU",
  "fecha_guardado": "2026-03-17 20:59:34",
  "precision_test": 92.25714285714287,
  "epocas": 500,
  "learning_rate": 0.1,
  "training_time_seconds": 577.16348695755,
  "arquitectura": {
    "entrada": 784,
    "oculta": 128,
    "salida": 10
  },
  "info_extra": {
    "num_particiones": 3,
    "architecture": "Distributed with Sockets",
    "server_host": "10.128.0.5",
    "server_port": 9999,
    "tiempo_total_segundos": 577.16348695755,
    "historial_intervalo_epochs": [
      1,
      10,
      20,
      30,
      40,
      50,
      60,
      70,
      80,
      90,
      100,
      110,
      120,
      130,
      140,
      150,
      160,
      170,
      180,
      190,
      200,
      210,
      220,
      230,
      240,
      250,
      260,
      270,
      280,
      290,
      300,
      310,
      320,
      330,
      340,
      350,
      360,
      370,
      380,
      390,
      400,
      410,
      420,
      430,
      440,
      450,
      460,
      470,
      480,
      490,
      500
    ],
    "historial_intervalo_times": [
      0.725711,
      11.736571,
      26.16198,
      37.257195,
      48.239077,
      60.695721,
      71.739365,
      82.765049,
      93.903417,
      104.912815,
      115.913731,
      126.982387,
      137.990579,
      149.156256,
      160.135154,
      171.111911,
      182.163122,
      193.155871,
      204.166515,
      215.202744,
      226.147955,
      237.108204,
      248.136457,
      259.141804,
      270.29014,
      281.273633,
      292.278406,
      303.30908,
      314.30787,
      325.502974,
      339.240088,
      352.535151,
      365.443377,
      377.770957,
      389.893312,
      401.847746,
      413.731167,
      425.681615,
      437.697165,
      450.033085,
      463.35933,
      475.533778,
      487.422826,
      498.464119,
      509.604594,
      520.71449,
      531.842103,
      542.976463,
      554.099537,
      565.16888,
      576.360916
    ],
    "historial_intervalo_acc_train": [
      17.659184,
      64.367347,
      76.228571,
      81.022449,
      83.520408,
      84.94898,
      85.842857,
      86.567347,
      87.104082,
      87.520408,
      87.904082,
      88.185714,
      88.442857,
      88.657143,
      88.85102,
      89.055102,
      89.24898,
      89.410204,
      89.557143,
      89.708163,
      89.871429,
      90.002041,
      90.122449,
      90.230612,
      90.365306,
      90.471429,
      90.530612,
      90.628571,
      90.730612,
      90.8,
      90.873469,
      90.965306,
      91.034694,
      91.114286,
      91.171429,
      91.25102,
      91.310204,
      91.385714,
      91.457143,
      91.495918,
      91.559184,
      91.608163,
      91.659184,
      91.726531,
      91.77551,
      91.836735,
      91.881633,
      91.918367,
      91.965306,
      92.012245,
      92.067347
    ],
    "historial_intervalo_loss": [
      2.279094,
      1.613023,
      1.144161,
      0.884285,
      0.737461,
      0.647108,
      0.586669,
      0.543464,
      0.510989,
      0.485575,
      0.465076,
      0.448123,
      0.433811,
      0.42152,
      0.410811,
      0.401367,
      0.392945,
      0.385374,
      0.378509,
      0.372245,
      0.366486,
      0.36116,
      0.356214,
      0.351596,
      0.347272,
      0.343199,
      0.339353,
      0.335711,
      0.33225,
      0.328951,
      0.325805,
      0.322792,
      0.319904,
      0.317131,
      0.314461,
      0.311886,
      0.309402,
      0.307005,
      0.304684,
      0.302437,
      0.300256,
      0.298137,
      0.296076,
      0.294072,
      0.292119,
      0.290216,
      0.288357,
      0.286537,
      0.284752,
      0.28301,
      0.281307
    ]
  }
}