{
  "nombre_modelo": "4workersStandarCPU",
  "fecha_guardado": "2026-03-17 21:14:58",
  "precision_test": 92.05714285714286,
  "epocas": 500,
  "learning_rate": 0.1,
  "training_time_seconds": 703.8097615242004,
  "arquitectura": {
    "entrada": 784,
    "oculta": 128,
    "salida": 10
  },
  "info_extra": {
    "num_particiones": 4,
    "architecture": "Distributed with Sockets",
    "server_host": "10.128.0.5",
    "server_port": 9999,
    "tiempo_total_segundos": 703.8097615242004,
    "historial_intervalo_epochs": [
      1,
      10,
      20,
      30,
      40,
      50,
      60,
      70,
      80,
      90,
      100,
      110,
      120,
      130,
      140,
      150,
      160,
      170,
      180,
      190,
      200,
      210,
      220,
      230,
      240,
      250,
      260,
      270,
      280,
      290,
      300,
      310,
      320,
      330,
      340,
      350,
      360,
      370,
      380,
      390,
      400,
      410,
      420,
      430,
      440,
      450,
      460,
      470,
      480,
      490,
      500
    ],
    "historial_intervalo_times": [
      1.63709,
      21.674849,
      43.962934,
      66.216488,
      88.598217,
      110.934972,
      133.294596,
      155.585376,
      177.906983,
      199.208491,
      214.477486,
      228.844765,
      242.056448,
      254.820915,
      267.081069,
      279.338289,
      291.514456,
      303.644461,
      315.767457,
      327.87689,
      339.946977,
      352.070374,
      364.15916,
      376.504347,
      388.581234,
      400.449622,
      411.937728,
      426.80208,
      438.248898,
      449.692452,
      461.897136,
      473.670363,
      485.308862,
      496.966492,
      508.516513,
      520.029015,
      531.891815,
      544.549978,
      556.102,
      567.553852,
      579.032871,
      590.571504,
      602.888063,
      616.159918,
      629.011549,
      641.649202,
      653.981149,
      666.226895,
      678.49231,
      690.813578,
      703.010449
    ],
    "historial_intervalo_acc_train": [
      17.481633,
      64.540816,
      76.112245,
      80.942857,
      83.436735,
      84.855102,
      85.887755,
      86.608163,
      87.065306,
      87.471429,
      87.844898,
      88.155102,
      88.420408,
      88.626531,
      88.834694,
      89.069388,
      89.257143,
      89.369388,
      89.516327,
      89.655102,
      89.789796,
      89.920408,
      90.042857,
      90.144898,
      90.24898,
      90.353061,
      90.469388,
      90.585714,
      90.693878,
      90.787755,
      90.904082,
      90.987755,
      91.053061,
      91.128571,
      91.234694,
      91.3,
      91.369388,
      91.432653,
      91.493878,
      91.55102,
      91.610204,
      91.669388,
      91.753061,
      91.797959,
      91.867347,
      91.932653,
      91.973469,
      92.038776,
      92.083673,
      92.130612,
      92.177551
    ],
    "historial_intervalo_loss": [
      2.278551,
      1.615928,
      1.146095,
      0.885728,
      0.738425,
      0.647448,
      0.586432,
      0.542778,
      0.509906,
      0.484176,
      0.463418,
      0.446243,
      0.43174,
      0.4193,
      0.408468,
      0.398929,
      0.390438,
      0.382813,
      0.37592,
      0.369632,
      0.363865,
      0.358546,
      0.353616,
      0.34902,
      0.344714,
      0.340667,
      0.33685,
      0.333238,
      0.329809,
      0.326549,
      0.323437,
      0.320462,
      0.31761,
      0.314867,
      0.312228,
      0.309683,
      0.307225,
      0.304852,
      0.302553,
      0.300324,
      0.298161,
      0.29606,
      0.294015,
      0.292024,
      0.290085,
      0.288194,
      0.286349,
      0.284547,
      0.282787,
      0.281065,
      0.279376
    ]
  }
}