{
  "nombre_modelo": "5workersStandarCPU",
  "fecha_guardado": "2026-03-17 21:27:54",
  "precision_test": 92.03809523809524,
  "epocas": 500,
  "learning_rate": 0.1,
  "training_time_seconds": 651.333,
  "arquitectura": {
    "entrada": 784,
    "oculta": 128,
    "salida": 10
  },
  "info_extra": {
    "num_particiones": 5,
    "architecture": "Distributed with Sockets",
    "server_host": "10.128.0.5",
    "server_port": 9999,
    "tiempo_total_segundos": 651.333,
    "historial_intervalo_epochs": [
      1,
      10,
      20,
      30,
      40,
      50,
      60,
      70,
      80,
      90,
      100,
      110,
      120,
      130,
      140,
      150,
      160,
      170,
      180,
      190,
      200,
      210,
      220,
      230,
      240,
      250,
      260,
      270,
      280,
      290,
      300,
      310,
      320,
      330,
      340,
      350,
      360,
      370,
      380,
      390,
      400,
      410,
      420,
      430,
      440,
      450,
      460,
      470,
      480,
      490,
      500
    ],
    "historial_intervalo_times": [
      1.059951,
      12.284512,
      24.677315,
      36.961109,
      49.34004,
      61.633974,
      74.642242,
      87.29716,
      99.743925,
      112.798733,
      125.795379,
      138.601065,
      151.111199,
      163.429049,
      176.659335,
      189.804451,
      203.364861,
      218.388355,
      234.044769,
      248.566654,
      262.279356,
      278.591519,
      291.43773,
      304.252316,
      318.327486,
      331.631652,
      345.138156,
      357.835208,
      370.483532,
      383.067019,
      396.21604,
      408.775517,
      421.249345,
      433.69517,
      446.39913,
      458.901874,
      471.461484,
      484.154533,
      497.158527,
      511.048095,
      524.007374,
      536.931588,
      549.759496,
      562.545472,
      575.056803,
      587.685545,
      600.313591,
      612.962199,
      625.667278,
      638.493645,
      651.333
    ],
    "historial_intervalo_acc_train": [
      17.577551,
      63.859184,
      76.028571,
      80.82449,
      83.357143,
      84.82449,
      85.826531,
      86.579592,
      87.077551,
      87.534694,
      87.887755,
      88.104082,
      88.402041,
      88.661224,
      88.920408,
      89.118367,
      89.295918,
      89.418367,
      89.567347,
      89.702041,
      89.836735,
      90.008163,
      90.15102,
      90.259184,
      90.379592,
      90.473469,
      90.583673,
      90.685714,
      90.767347,
      90.82449,
      90.930612,
      91.018367,
      91.091837,
      91.191837,
      91.236735,
      91.316327,
      91.37551,
      91.440816,
      91.491837,
      91.540816,
      91.616327,
      91.667347,
      91.757143,
      91.812245,
      91.869388,
      91.922449,
      91.969388,
      92.014286,
      92.053061,
      92.104082,
      92.167347
    ],
    "historial_intervalo_loss": [
      2.277962,
      1.616214,
      1.147905,
      0.886857,
      0.738686,
      0.647079,
      0.585668,
      0.541699,
      0.508602,
      0.482691,
      0.461785,
      0.444503,
      0.429912,
      0.417374,
      0.406455,
      0.396837,
      0.388276,
      0.380589,
      0.373627,
      0.36728,
      0.361463,
      0.356094,
      0.351112,
      0.346468,
      0.342121,
      0.338038,
      0.334189,
      0.330551,
      0.327103,
      0.323822,
      0.320689,
      0.317699,
      0.314833,
      0.312081,
      0.309436,
      0.306887,
      0.304425,
      0.302044,
      0.299739,
      0.297503,
      0.295336,
      0.293232,
      0.291188,
      0.289199,
      0.287259,
      0.285369,
      0.283525,
      0.281724,
      0.279963,
      0.278237,
      0.276549
    ]
  }
}