{
  "nombre_modelo": "2WorkersRyzen",
  "fecha_guardado": "2026-03-18 13:30:37",
  "precision_test": 92.27142857142857,
  "epocas": 500,
  "learning_rate": 0.1,
  "training_time_seconds": 288.593789100647,
  "arquitectura": {
    "entrada": 784,
    "oculta": 128,
    "salida": 10
  },
  "info_extra": {
    "num_particiones": 2,
    "architecture": "Distributed with Sockets",
    "server_host": "localhost",
    "server_port": 9999,
    "tiempo_total_segundos": 288.593789100647,
    "historial_intervalo_epochs": [
      1,
      10,
      20,
      30,
      40,
      50,
      60,
      70,
      80,
      90,
      100,
      110,
      120,
      130,
      140,
      150,
      160,
      170,
      180,
      190,
      200,
      210,
      220,
      230,
      240,
      250,
      260,
      270,
      280,
      290,
      300,
      310,
      320,
      330,
      340,
      350,
      360,
      370,
      380,
      390,
      400,
      410,
      420,
      430,
      440,
      450,
      460,
      470,
      480,
      490,
      500
    ],
    "historial_intervalo_times": [
      0.431672,
      5.651153,
      10.955963,
      16.33772,
      21.802845,
      27.271371,
      32.628444,
      38.025661,
      43.68934,
      49.809089,
      55.204431,
      61.367949,
      67.153245,
      72.883946,
      79.545702,
      85.59549,
      91.44894,
      97.928338,
      104.468457,
      110.586801,
      116.261736,
      122.377481,
      128.648356,
      134.569441,
      140.442419,
      146.389524,
      152.442267,
      158.366563,
      164.48439,
      170.917972,
      177.384635,
      184.226828,
      190.033696,
      195.357909,
      200.714918,
      206.184698,
      211.733805,
      217.264607,
      223.019782,
      228.593081,
      233.997743,
      239.334768,
      244.676511,
      250.148095,
      255.694065,
      261.186415,
      266.562167,
      271.936968,
      277.365457,
      282.727843,
      288.179428
    ],
    "historial_intervalo_acc_train": [
      17.573469,
      64.240816,
      76.15102,
      80.904082,
      83.404082,
      84.820408,
      85.822449,
      86.55102,
      87.061224,
      87.487755,
      87.777551,
      88.030612,
      88.289796,
      88.573469,
      88.795918,
      88.97551,
      89.155102,
      89.344898,
      89.497959,
      89.638776,
      89.795918,
      89.908163,
      90.020408,
      90.132653,
      90.25102,
      90.397959,
      90.481633,
      90.559184,
      90.636735,
      90.706122,
      90.806122,
      90.910204,
      90.97551,
      91.040816,
      91.120408,
      91.185714,
      91.257143,
      91.338776,
      91.381633,
      91.444898,
      91.506122,
      91.55102,
      91.6,
      91.622449,
      91.679592,
      91.744898,
      91.812245,
      91.87551,
      91.940816,
      92.02449,
      92.077551
    ],
    "historial_intervalo_loss": [
      2.279035,
      1.614071,
      1.145879,
      0.887039,
      0.740629,
      0.650243,
      0.589597,
      0.546172,
      0.513472,
      0.487882,
      0.467239,
      0.450159,
      0.435739,
      0.423358,
      0.41257,
      0.403056,
      0.394583,
      0.386971,
      0.380069,
      0.373769,
      0.367973,
      0.362618,
      0.357642,
      0.353003,
      0.34866,
      0.344578,
      0.340724,
      0.337075,
      0.33361,
      0.330308,
      0.327157,
      0.32414,
      0.321247,
      0.318472,
      0.315806,
      0.313242,
      0.310765,
      0.308369,
      0.306049,
      0.303802,
      0.301623,
      0.299507,
      0.297447,
      0.295438,
      0.29348,
      0.291569,
      0.289703,
      0.287882,
      0.286104,
      0.284363,
      0.282658
    ]
  }
}