{
  "nombre_modelo": "3WorkersRyzen",
  "fecha_guardado": "2026-03-18 13:36:57",
  "precision_test": 92.14761904761905,
  "epocas": 500,
  "learning_rate": 0.1,
  "training_time_seconds": 284.20669651031494,
  "arquitectura": {
    "entrada": 784,
    "oculta": 128,
    "salida": 10
  },
  "info_extra": {
    "num_particiones": 3,
    "architecture": "Distributed with Sockets",
    "server_host": "localhost",
    "server_port": 9999,
    "tiempo_total_segundos": 284.20669651031494,
    "historial_intervalo_epochs": [
      1,
      10,
      20,
      30,
      40,
      50,
      60,
      70,
      80,
      90,
      100,
      110,
      120,
      130,
      140,
      150,
      160,
      170,
      180,
      190,
      200,
      210,
      220,
      230,
      240,
      250,
      260,
      270,
      280,
      290,
      300,
      310,
      320,
      330,
      340,
      350,
      360,
      370,
      380,
      390,
      400,
      410,
      420,
      430,
      440,
      450,
      460,
      470,
      480,
      490,
      500
    ],
    "historial_intervalo_times": [
      0.468697,
      6.057734,
      11.854083,
      17.484805,
      22.994606,
      28.473369,
      34.170594,
      39.672593,
      45.418197,
      51.07949,
      56.683657,
      62.340488,
      68.011465,
      73.813202,
      79.4176,
      85.133975,
      90.765108,
      96.443371,
      102.033207,
      107.814409,
      113.420588,
      119.078446,
      124.590346,
      130.285266,
      135.98841,
      141.504078,
      147.357502,
      152.964622,
      158.552109,
      164.116298,
      169.833724,
      175.463135,
      181.080905,
      186.781027,
      192.509399,
      198.234571,
      204.006898,
      209.857704,
      215.497596,
      221.318199,
      226.987014,
      232.786513,
      238.334452,
      244.067884,
      249.772024,
      255.408818,
      261.115603,
      266.699238,
      272.365427,
      278.013723,
      283.748913
    ],
    "historial_intervalo_acc_train": [
      17.506122,
      64.240816,
      76.277551,
      80.932653,
      83.540816,
      84.971429,
      85.918367,
      86.618367,
      87.132653,
      87.557143,
      87.918367,
      88.230612,
      88.455102,
      88.689796,
      88.902041,
      89.112245,
      89.295918,
      89.457143,
      89.610204,
      89.712245,
      89.836735,
      89.963265,
      90.112245,
      90.230612,
      90.320408,
      90.402041,
      90.495918,
      90.618367,
      90.730612,
      90.830612,
      90.92449,
      91.010204,
      91.087755,
      91.157143,
      91.210204,
      91.283673,
      91.35102,
      91.406122,
      91.47551,
      91.546939,
      91.616327,
      91.665306,
      91.718367,
      91.787755,
      91.828571,
      91.902041,
      91.969388,
      92.016327,
      92.073469,
      92.136735,
      92.167347
    ],
    "historial_intervalo_loss": [
      2.280553,
      1.617273,
      1.14684,
      0.885665,
      0.737997,
      0.646875,
      0.585805,
      0.542131,
      0.509284,
      0.483601,
      0.462887,
      0.445763,
      0.431324,
      0.41894,
      0.408166,
      0.398676,
      0.390225,
      0.38263,
      0.375748,
      0.369469,
      0.3637,
      0.358368,
      0.353414,
      0.348793,
      0.344461,
      0.340384,
      0.336531,
      0.332884,
      0.329427,
      0.326136,
      0.322997,
      0.319992,
      0.31711,
      0.314339,
      0.311673,
      0.309102,
      0.306619,
      0.304222,
      0.301903,
      0.299658,
      0.297478,
      0.29536,
      0.293302,
      0.291299,
      0.289349,
      0.287446,
      0.285586,
      0.283769,
      0.281989,
      0.280247,
      0.278544
    ]
  }
}