{
  "nombre_modelo": "4WorkersRyzen",
  "fecha_guardado": "2026-03-18 13:44:12",
  "precision_test": 92.18571428571428,
  "epocas": 500,
  "learning_rate": 0.1,
  "training_time_seconds": 294.2352719306946,
  "arquitectura": {
    "entrada": 784,
    "oculta": 128,
    "salida": 10
  },
  "info_extra": {
    "num_particiones": 4,
    "architecture": "Distributed with Sockets",
    "server_host": "localhost",
    "server_port": 9999,
    "tiempo_total_segundos": 294.2352719306946,
    "historial_intervalo_epochs": [
      1,
      10,
      20,
      30,
      40,
      50,
      60,
      70,
      80,
      90,
      100,
      110,
      120,
      130,
      140,
      150,
      160,
      170,
      180,
      190,
      200,
      210,
      220,
      230,
      240,
      250,
      260,
      270,
      280,
      290,
      300,
      310,
      320,
      330,
      340,
      350,
      360,
      370,
      380,
      390,
      400,
      410,
      420,
      430,
      440,
      450,
      460,
      470,
      480,
      490,
      500
    ],
    "historial_intervalo_times": [
      0.559517,
      5.914305,
      11.926328,
      18.491661,
      24.102287,
      29.821587,
      35.658673,
      41.416663,
      47.330521,
      53.051377,
      58.968217,
      64.864109,
      70.664867,
      76.581331,
      82.358685,
      88.156703,
      94.059034,
      99.793612,
      105.597022,
      111.564888,
      117.331877,
      123.154523,
      128.893204,
      134.736947,
      140.618113,
      146.550817,
      152.458046,
      158.329754,
      164.28473,
      170.090291,
      175.9371,
      181.811363,
      187.59284,
      193.473434,
      199.220228,
      205.091592,
      210.988207,
      216.86717,
      222.775295,
      228.547535,
      234.552676,
      240.588155,
      246.457073,
      252.372524,
      258.148044,
      264.058684,
      269.836568,
      275.880213,
      281.833418,
      287.71054,
      293.736223
    ],
    "historial_intervalo_acc_train": [
      17.538776,
      64.357143,
      76.240816,
      81.110204,
      83.54898,
      85.014286,
      86.018367,
      86.665306,
      87.195918,
      87.618367,
      87.94898,
      88.244898,
      88.514286,
      88.734694,
      88.92449,
      89.171429,
      89.334694,
      89.493878,
      89.638776,
      89.785714,
      89.912245,
      90.018367,
      90.155102,
      90.265306,
      90.37551,
      90.461224,
      90.561224,
      90.67551,
      90.777551,
      90.844898,
      90.916327,
      90.977551,
      91.034694,
      91.112245,
      91.206122,
      91.246939,
      91.308163,
      91.357143,
      91.434694,
      91.504082,
      91.553061,
      91.622449,
      91.657143,
      91.693878,
      91.740816,
      91.789796,
      91.836735,
      91.897959,
      91.946939,
      91.989796,
      92.032653
    ],
    "historial_intervalo_loss": [
      2.27913,
      1.616589,
      1.147948,
      0.887059,
      0.739212,
      0.647979,
      0.586908,
      0.543263,
      0.510457,
      0.484816,
      0.464144,
      0.44706,
      0.43264,
      0.420269,
      0.409513,
      0.400041,
      0.391613,
      0.384048,
      0.377201,
      0.370959,
      0.365232,
      0.359945,
      0.35504,
      0.350466,
      0.346182,
      0.342155,
      0.338357,
      0.334759,
      0.331347,
      0.328101,
      0.325005,
      0.322046,
      0.319208,
      0.316479,
      0.313847,
      0.311313,
      0.308865,
      0.306503,
      0.304215,
      0.301997,
      0.299844,
      0.297749,
      0.295711,
      0.293726,
      0.291792,
      0.289902,
      0.288056,
      0.286251,
      0.284483,
      0.28275,
      0.281051
    ]
  }
}