{
  "nombre_modelo": "2workersStandarCPU",
  "fecha_guardado": "2026-03-17 20:48:47",
  "precision_test": 92.12380952380951,
  "epocas": 500,
  "learning_rate": 0.1,
  "training_time_seconds": 606.8248949050903,
  "arquitectura": {
    "entrada": 784,
    "oculta": 128,
    "salida": 10
  },
  "info_extra": {
    "num_particiones": 2,
    "architecture": "Distributed with Sockets",
    "server_host": "10.128.0.5",
    "server_port": 9999,
    "tiempo_total_segundos": 606.8248949050903,
    "historial_intervalo_epochs": [
      1,
      10,
      20,
      30,
      40,
      50,
      60,
      70,
      80,
      90,
      100,
      110,
      120,
      130,
      140,
      150,
      160,
      170,
      180,
      190,
      200,
      210,
      220,
      230,
      240,
      250,
      260,
      270,
      280,
      290,
      300,
      310,
      320,
      330,
      340,
      350,
      360,
      370,
      380,
      390,
      400,
      410,
      420,
      430,
      440,
      450,
      460,
      470,
      480,
      490,
      500
    ],
    "historial_intervalo_times": [
      0.570335,
      11.0079,
      22.798885,
      34.556889,
      46.410174,
      58.323105,
      70.22191,
      82.047506,
      94.719132,
      109.13689,
      120.990381,
      132.838167,
      144.712682,
      156.603259,
      168.522385,
      180.361289,
      192.181701,
      203.989158,
      215.843136,
      229.249803,
      242.119163,
      254.447428,
      266.728836,
      278.90288,
      291.056863,
      303.157804,
      315.135571,
      327.155141,
      339.172426,
      351.251705,
      363.339226,
      375.278583,
      387.252489,
      399.227484,
      411.268038,
      423.315173,
      435.408514,
      447.472974,
      459.553689,
      471.739943,
      483.940988,
      496.086837,
      508.164855,
      520.173518,
      534.054106,
      546.083512,
      558.01523,
      569.937216,
      581.947314,
      593.959844,
      606.023965
    ],
    "historial_intervalo_acc_train": [
      17.634694,
      64.485714,
      76.4,
      81.153061,
      83.491837,
      84.926531,
      85.922449,
      86.591837,
      87.104082,
      87.55102,
      87.936735,
      88.195918,
      88.463265,
      88.681633,
      88.889796,
      89.108163,
      89.287755,
      89.428571,
      89.597959,
      89.718367,
      89.857143,
      89.957143,
      90.095918,
      90.234694,
      90.344898,
      90.477551,
      90.583673,
      90.661224,
      90.72449,
      90.812245,
      90.887755,
      90.944898,
      91.022449,
      91.077551,
      91.153061,
      91.226531,
      91.326531,
      91.393878,
      91.463265,
      91.557143,
      91.628571,
      91.689796,
      91.740816,
      91.795918,
      91.846939,
      91.897959,
      91.955102,
      91.997959,
      92.053061,
      92.102041,
      92.157143
    ],
    "historial_intervalo_loss": [
      2.279125,
      1.613445,
      1.143252,
      0.882414,
      0.735295,
      0.644752,
      0.584243,
      0.541004,
      0.508496,
      0.483055,
      0.462524,
      0.445544,
      0.431205,
      0.418884,
      0.408148,
      0.398679,
      0.390237,
      0.382643,
      0.375758,
      0.369467,
      0.36368,
      0.358331,
      0.353354,
      0.348709,
      0.344361,
      0.340273,
      0.336415,
      0.332758,
      0.329281,
      0.325972,
      0.32282,
      0.319807,
      0.316918,
      0.314146,
      0.311482,
      0.308917,
      0.306445,
      0.304058,
      0.30175,
      0.299517,
      0.29735,
      0.295248,
      0.293206,
      0.291219,
      0.289283,
      0.287394,
      0.285556,
      0.283763,
      0.282009,
      0.280294,
      0.278616
    ]
  }
}