{
  "nombre_modelo": "2WorkersHIGHCPU",
  "fecha_guardado": "2026-03-17 17:37:20",
  "precision_test": 92.29523809523809,
  "epocas": 500,
  "learning_rate": 0.1,
  "training_time_seconds": 390.2045352458954,
  "arquitectura": {
    "entrada": 784,
    "oculta": 128,
    "salida": 10
  },
  "info_extra": {
    "num_particiones": 2,
    "architecture": "Distributed with Sockets",
    "server_host": "10.128.0.5",
    "server_port": 9999,
    "tiempo_total_segundos": 390.2045352458954,
    "historial_intervalo_epochs": [
      1,
      10,
      20,
      30,
      40,
      50,
      60,
      70,
      80,
      90,
      100,
      110,
      120,
      130,
      140,
      150,
      160,
      170,
      180,
      190,
      200,
      210,
      220,
      230,
      240,
      250,
      260,
      270,
      280,
      290,
      300,
      310,
      320,
      330,
      340,
      350,
      360,
      370,
      380,
      390,
      400,
      410,
      420,
      430,
      440,
      450,
      460,
      470,
      480,
      490,
      500
    ],
    "historial_intervalo_times": [
      0.63476,
      8.167305,
      16.55098,
      24.90104,
      33.427217,
      41.813833,
      50.257099,
      58.744337,
      67.017082,
      75.352375,
      83.688915,
      91.973636,
      100.282755,
      108.239902,
      116.006197,
      123.636628,
      132.985446,
      141.013566,
      148.460647,
      155.909573,
      164.603833,
      172.117093,
      179.626612,
      187.035254,
      194.473444,
      201.976561,
      209.478592,
      216.967677,
      224.4432,
      232.004849,
      239.49356,
      246.964011,
      254.46125,
      261.961516,
      269.486557,
      276.955622,
      284.484025,
      292.072302,
      299.614914,
      307.113549,
      314.613948,
      322.106519,
      329.615409,
      337.12237,
      344.600033,
      352.112277,
      359.681848,
      367.20555,
      374.750074,
      382.280558,
      389.763887
    ],
    "historial_intervalo_acc_train": [
      17.661224,
      64.442857,
      76.02449,
      80.84898,
      83.361224,
      84.873469,
      85.818367,
      86.522449,
      86.989796,
      87.467347,
      87.810204,
      88.120408,
      88.326531,
      88.557143,
      88.82449,
      88.991837,
      89.183673,
      89.365306,
      89.532653,
      89.691837,
      89.820408,
      89.928571,
      90.032653,
      90.15102,
      90.244898,
      90.371429,
      90.491837,
      90.585714,
      90.67551,
      90.767347,
      90.857143,
      90.932653,
      91.0,
      91.081633,
      91.14898,
      91.234694,
      91.291837,
      91.373469,
      91.434694,
      91.502041,
      91.534694,
      91.587755,
      91.661224,
      91.728571,
      91.779592,
      91.82449,
      91.877551,
      91.942857,
      92.006122,
      92.055102,
      92.104082
    ],
    "historial_intervalo_loss": [
      2.277546,
      1.615093,
      1.146502,
      0.887036,
      0.740233,
      0.649569,
      0.588762,
      0.545183,
      0.51237,
      0.486676,
      0.465932,
      0.448759,
      0.434256,
      0.421796,
      0.410951,
      0.401388,
      0.392862,
      0.385192,
      0.378238,
      0.371891,
      0.366064,
      0.360675,
      0.355673,
      0.351013,
      0.346647,
      0.342542,
      0.338672,
      0.335014,
      0.331542,
      0.328241,
      0.325094,
      0.322088,
      0.319211,
      0.316447,
      0.313785,
      0.311219,
      0.308744,
      0.306353,
      0.304038,
      0.301793,
      0.299617,
      0.297503,
      0.295445,
      0.293441,
      0.291488,
      0.289584,
      0.287727,
      0.285913,
      0.284139,
      0.282402,
      0.280705
    ]
  }
}