{
  "nombre_modelo": "1WorkerHIGHCPU",
  "fecha_guardado": "2026-03-17 14:53:09",
  "precision_test": 92.08095238095238,
  "epocas": 500,
  "learning_rate": 0.1,
  "training_time_seconds": 427.5210762023926,
  "arquitectura": {
    "entrada": 784,
    "oculta": 128,
    "salida": 10
  },
  "info_extra": {
    "num_particiones": 1,
    "architecture": "Distributed with Sockets",
    "server_host": "10.128.0.5",
    "server_port": 9999,
    "tiempo_total_segundos": 427.5210762023926,
    "historial_intervalo_epochs": [
      1,
      10,
      20,
      30,
      40,
      50,
      60,
      70,
      80,
      90,
      100,
      110,
      120,
      130,
      140,
      150,
      160,
      170,
      180,
      190,
      200,
      210,
      220,
      230,
      240,
      250,
      260,
      270,
      280,
      290,
      300,
      310,
      320,
      330,
      340,
      350,
      360,
      370,
      380,
      390,
      400,
      410,
      420,
      430,
      440,
      450,
      460,
      470,
      480,
      490,
      500
    ],
    "historial_intervalo_times": [
      0.476591,
      8.048064,
      16.893086,
      25.995417,
      35.134637,
      43.942222,
      52.813502,
      61.542713,
      70.273386,
      78.562348,
      86.799372,
      95.043587,
      103.351283,
      111.558135,
      119.717073,
      128.005352,
      136.242809,
      144.469021,
      152.686469,
      160.868695,
      169.045087,
      177.139087,
      185.352831,
      193.629851,
      201.923069,
      210.324619,
      218.594527,
      227.083997,
      235.412969,
      243.70319,
      252.066316,
      260.289744,
      268.699974,
      277.014035,
      285.237622,
      293.448218,
      301.786842,
      310.04389,
      318.454756,
      326.798539,
      335.582818,
      347.395243,
      355.734233,
      367.421384,
      377.886295,
      386.065396,
      394.29665,
      402.410219,
      410.568678,
      418.880483,
      427.077215
    ],
    "historial_intervalo_acc_train": [
      17.42449,
      64.45102,
      76.45102,
      81.202041,
      83.618367,
      85.093878,
      86.07551,
      86.757143,
      87.312245,
      87.710204,
      88.036735,
      88.318367,
      88.591837,
      88.791837,
      88.985714,
      89.189796,
      89.383673,
      89.538776,
      89.702041,
      89.832653,
      89.985714,
      90.102041,
      90.232653,
      90.353061,
      90.453061,
      90.569388,
      90.659184,
      90.763265,
      90.873469,
      90.953061,
      91.022449,
      91.077551,
      91.169388,
      91.222449,
      91.318367,
      91.391837,
      91.45102,
      91.512245,
      91.585714,
      91.642857,
      91.693878,
      91.771429,
      91.822449,
      91.895918,
      91.942857,
      92.0,
      92.081633,
      92.130612,
      92.202041,
      92.244898,
      92.314286
    ],
    "historial_intervalo_loss": [
      2.2793,
      1.613628,
      1.142663,
      0.881487,
      0.733898,
      0.642913,
      0.581955,
      0.53835,
      0.505529,
      0.479853,
      0.459146,
      0.442017,
      0.427553,
      0.415131,
      0.404326,
      0.394799,
      0.386311,
      0.378686,
      0.37178,
      0.365486,
      0.359708,
      0.354374,
      0.349429,
      0.344822,
      0.340509,
      0.336453,
      0.332622,
      0.328996,
      0.325553,
      0.322278,
      0.319153,
      0.316163,
      0.313299,
      0.310548,
      0.307902,
      0.305351,
      0.302888,
      0.300507,
      0.298203,
      0.295973,
      0.293808,
      0.291706,
      0.289661,
      0.287671,
      0.285734,
      0.283845,
      0.281998,
      0.280193,
      0.278427,
      0.2767,
      0.275006
    ]
  }
}