{
  "nombre_modelo": "1workerPhy",
  "fecha_guardado": "2026-03-18 12:28:04",
  "precision_test": 92.4095238095238,
  "epocas": 500,
  "learning_rate": 0.1,
  "training_time_seconds": 425.32046461105347,
  "arquitectura": {
    "entrada": 784,
    "oculta": 128,
    "salida": 10
  },
  "info_extra": {
    "num_particiones": 1,
    "architecture": "Distributed with Sockets",
    "server_host": "192.168.60.109",
    "server_port": 9999,
    "tiempo_total_segundos": 425.32046461105347,
    "historial_intervalo_epochs": [
      1,
      10,
      20,
      30,
      40,
      50,
      60,
      70,
      80,
      90,
      100,
      110,
      120,
      130,
      140,
      150,
      160,
      170,
      180,
      190,
      200,
      210,
      220,
      230,
      240,
      250,
      260,
      270,
      280,
      290,
      300,
      310,
      320,
      330,
      340,
      350,
      360,
      370,
      380,
      390,
      400,
      410,
      420,
      430,
      440,
      450,
      460,
      470,
      480,
      490,
      500
    ],
    "historial_intervalo_times": [
      0.545737,
      8.58656,
      17.047828,
      25.501116,
      34.010387,
      42.467241,
      50.936923,
      59.41198,
      67.92929,
      76.412175,
      84.849285,
      93.353629,
      101.815217,
      110.282919,
      118.757773,
      127.255752,
      135.727826,
      144.146338,
      152.642786,
      161.15263,
      169.639747,
      178.185011,
      186.660902,
      195.151054,
      203.602362,
      212.074309,
      220.545747,
      229.022389,
      237.546527,
      246.221138,
      254.671809,
      263.146212,
      271.725803,
      280.204001,
      288.666713,
      297.190048,
      305.663858,
      314.152386,
      322.724075,
      331.250596,
      339.859396,
      348.325077,
      356.774531,
      365.206429,
      373.714121,
      382.231039,
      390.782111,
      399.27895,
      407.753353,
      416.266875,
      424.726483
    ],
    "historial_intervalo_acc_train": [
      17.461224,
      64.216327,
      76.118367,
      80.867347,
      83.422449,
      84.810204,
      85.828571,
      86.506122,
      87.04898,
      87.455102,
      87.828571,
      88.140816,
      88.393878,
      88.642857,
      88.834694,
      89.028571,
      89.222449,
      89.389796,
      89.5,
      89.644898,
      89.797959,
      89.936735,
      90.057143,
      90.169388,
      90.279592,
      90.402041,
      90.528571,
      90.665306,
      90.74898,
      90.822449,
      90.908163,
      90.979592,
      91.053061,
      91.134694,
      91.206122,
      91.253061,
      91.322449,
      91.393878,
      91.440816,
      91.487755,
      91.542857,
      91.610204,
      91.663265,
      91.734694,
      91.795918,
      91.840816,
      91.885714,
      91.940816,
      91.979592,
      92.055102,
      92.112245
    ],
    "historial_intervalo_loss": [
      2.279254,
      1.617212,
      1.148045,
      0.887511,
      0.74018,
      0.649334,
      0.588469,
      0.544936,
      0.512191,
      0.486581,
      0.465939,
      0.44887,
      0.434463,
      0.422097,
      0.411331,
      0.401842,
      0.393388,
      0.385782,
      0.378886,
      0.372588,
      0.366796,
      0.36144,
      0.356466,
      0.351829,
      0.347483,
      0.343396,
      0.339537,
      0.335882,
      0.332414,
      0.329112,
      0.325956,
      0.322941,
      0.320053,
      0.317274,
      0.314601,
      0.312029,
      0.309546,
      0.307142,
      0.304811,
      0.30255,
      0.300354,
      0.298219,
      0.296143,
      0.294119,
      0.292141,
      0.290208,
      0.288323,
      0.286479,
      0.284673,
      0.282904,
      0.281171
    ]
  }
}