{
  "nombre_modelo": "2workersPhy",
  "fecha_guardado": "2026-03-18 12:34:13",
  "precision_test": 92.22857142857143,
  "epocas": 500,
  "learning_rate": 0.1,
  "training_time_seconds": 342.9746308326721,
  "arquitectura": {
    "entrada": 784,
    "oculta": 128,
    "salida": 10
  },
  "info_extra": {
    "num_particiones": 2,
    "architecture": "Distributed with Sockets",
    "server_host": "192.168.60.109",
    "server_port": 9999,
    "tiempo_total_segundos": 342.9746308326721,
    "historial_intervalo_epochs": [
      1,
      10,
      20,
      30,
      40,
      50,
      60,
      70,
      80,
      90,
      100,
      110,
      120,
      130,
      140,
      150,
      160,
      170,
      180,
      190,
      200,
      210,
      220,
      230,
      240,
      250,
      260,
      270,
      280,
      290,
      300,
      310,
      320,
      330,
      340,
      350,
      360,
      370,
      380,
      390,
      400,
      410,
      420,
      430,
      440,
      450,
      460,
      470,
      480,
      490,
      500
    ],
    "historial_intervalo_times": [
      0.252912,
      6.215,
      12.79672,
      19.355326,
      25.987211,
      32.66273,
      39.440787,
      46.226537,
      53.020077,
      59.820825,
      66.667082,
      73.57179,
      80.349225,
      87.089499,
      93.871729,
      101.239878,
      108.16619,
      114.967747,
      121.752904,
      128.893453,
      136.792394,
      144.039162,
      151.058516,
      157.865685,
      164.684679,
      171.43092,
      178.214623,
      185.032025,
      191.890895,
      198.641061,
      205.385548,
      212.208343,
      219.026557,
      225.86214,
      232.605962,
      239.423293,
      246.238956,
      253.035746,
      259.811188,
      266.701408,
      273.538727,
      280.366433,
      287.157386,
      293.892596,
      300.737668,
      307.606947,
      314.661241,
      321.709797,
      328.588663,
      335.427829,
      342.34502
    ],
    "historial_intervalo_acc_train": [
      17.634694,
      64.64898,
      76.367347,
      81.053061,
      83.485714,
      84.95102,
      85.971429,
      86.587755,
      87.120408,
      87.526531,
      87.842857,
      88.177551,
      88.438776,
      88.653061,
      88.9,
      89.089796,
      89.271429,
      89.461224,
      89.612245,
      89.777551,
      89.914286,
      90.040816,
      90.134694,
      90.273469,
      90.328571,
      90.463265,
      90.559184,
      90.653061,
      90.734694,
      90.834694,
      90.904082,
      90.981633,
      91.059184,
      91.122449,
      91.2,
      91.295918,
      91.357143,
      91.430612,
      91.487755,
      91.553061,
      91.618367,
      91.667347,
      91.75102,
      91.830612,
      91.881633,
      91.936735,
      91.985714,
      92.030612,
      92.087755,
      92.153061,
      92.206122
    ],
    "historial_intervalo_loss": [
      2.278613,
      1.612901,
      1.14356,
      0.883566,
      0.736614,
      0.64597,
      0.58523,
      0.54174,
      0.508968,
      0.483303,
      0.462581,
      0.445443,
      0.430957,
      0.418513,
      0.407665,
      0.398099,
      0.389574,
      0.381906,
      0.374953,
      0.368601,
      0.36277,
      0.357383,
      0.352381,
      0.347718,
      0.343352,
      0.339247,
      0.33537,
      0.331699,
      0.328216,
      0.324904,
      0.321749,
      0.318738,
      0.315856,
      0.313092,
      0.310439,
      0.307886,
      0.305425,
      0.303042,
      0.300735,
      0.298498,
      0.296329,
      0.294223,
      0.292177,
      0.290189,
      0.288251,
      0.28636,
      0.284513,
      0.282712,
      0.280955,
      0.279235,
      0.277554
    ]
  }
}