{
  "nombre_modelo": "3workersPhy",
  "fecha_guardado": "2026-03-18 12:40:00",
  "precision_test": 92.057142857142,
  "epocas": 500,
  "learning_rate": 0.1,
  "training_time_seconds": 302.422,
  "arquitectura": {
    "entrada": 784,
    "oculta": 128,
    "salida": 10
  },
  "info_extra": {
    "num_particiones": 3,
    "architecture": "Distributed with Sockets",
    "server_host": "192.168.60.109",
    "server_port": 9999,
    "tiempo_total_segundos": 302.422,
    "historial_intervalo_epochs": [
      1,
      10,
      20,
      30,
      40,
      50,
      60,
      70,
      80,
      90,
      100,
      110,
      120,
      130,
      140,
      150,
      160,
      170,
      180,
      190,
      200,
      210,
      220,
      230,
      240,
      250,
      260,
      270,
      280,
      290,
      300,
      310,
      320,
      330,
      340,
      350,
      360,
      370,
      380,
      390,
      400,
      410,
      420,
      430,
      440,
      450,
      460,
      470,
      480,
      490,
      500
    ],
    "historial_intervalo_times": [
      0.223418,
      5.49023,
      11.304413,
      17.098179,
      22.956678,
      28.853722,
      34.841347,
      40.835768,
      46.83707,
      52.84474,
      58.892612,
      64.992118,
      70.979193,
      76.933441,
      82.924752,
      89.433655,
      95.552246,
      101.56063,
      107.554527,
      113.862371,
      120.840167,
      127.241843,
      133.442626,
      139.455968,
      145.479756,
      151.439275,
      157.431888,
      163.454269,
      169.513283,
      175.476269,
      181.434239,
      187.461385,
      193.484484,
      199.522926,
      205.480308,
      211.502627,
      217.523473,
      223.527646,
      229.512961,
      235.599668,
      241.639644,
      247.671128,
      253.670145,
      259.61992,
      265.666745,
      271.734954,
      277.966602,
      284.193181,
      290.269859,
      296.311466,
      302.422
    ],
    "historial_intervalo_acc_train": [
      17.605645,
      64.571981,
      76.320351,
      80.999846,
      83.494091,
      84.952224,
      85.998491,
      86.518188,
      87.091039,
      87.450107,
      87.789094,
      88.158194,
      88.36196,
      88.596922,
      88.897986,
      89.075189,
      89.217882,
      89.451936,
      89.629377,
      89.698331,
      89.930984,
      90.044593,
      90.095524,
      90.212127,
      90.363437,
      90.423656,
      90.490314,
      90.584667,
      90.756393,
      90.827141,
      90.920937,
      90.989201,
      91.043531,
      91.159223,
      91.165424,
      91.282163,
      91.376672,
      91.424834,
      91.51116,
      91.542343,
      91.622916,
      91.592846,
      91.698368,
      91.785339,
      91.811208,
      91.88467,
      91.917834,
      91.983969,
      92.084037,
      92.116841,
      92.170544
    ],
    "historial_intervalo_loss": [
      2.279918,
      1.613801,
      1.145021,
      0.884233,
      0.737766,
      0.647151,
      0.587161,
      0.543554,
      0.509863,
      0.484554,
      0.463349,
      0.447312,
      0.432763,
      0.419461,
      0.409123,
      0.399512,
      0.390303,
      0.38355,
      0.376262,
      0.370269,
      0.364066,
      0.357884,
      0.353367,
      0.348247,
      0.345246,
      0.341065,
      0.337117,
      0.33266,
      0.328803,
      0.326721,
      0.323669,
      0.319366,
      0.317085,
      0.313696,
      0.31208,
      0.309535,
      0.306118,
      0.304255,
      0.30206,
      0.299396,
      0.298138,
      0.295358,
      0.292995,
      0.291498,
      0.289846,
      0.287162,
      0.285481,
      0.284705,
      0.28243,
      0.280392,
      0.27883
    ]
  }
}