{
  "nombre_modelo": "4workersPhy",
  "fecha_guardado": "2026-03-18 12:46:00",
  "precision_test": 91.904761904761,
  "epocas": 500,
  "learning_rate": 0.1,
  "training_time_seconds": 279.555,
  "arquitectura": {
    "entrada": 784,
    "oculta": 128,
    "salida": 10
  },
  "info_extra": {
    "num_particiones": 4,
    "architecture": "Distributed with Sockets",
    "server_host": "192.168.60.109",
    "server_port": 9999,
    "tiempo_total_segundos": 279.555,
    "historial_intervalo_epochs": [
      1,
      10,
      20,
      30,
      40,
      50,
      60,
      70,
      80,
      90,
      100,
      110,
      120,
      130,
      140,
      150,
      160,
      170,
      180,
      190,
      200,
      210,
      220,
      230,
      240,
      250,
      260,
      270,
      280,
      290,
      300,
      310,
      320,
      330,
      340,
      350,
      360,
      370,
      380,
      390,
      400,
      410,
      420,
      430,
      440,
      450,
      460,
      470,
      480,
      490,
      500
    ],
    "historial_intervalo_times": [
      0.206525,
      5.075097,
      10.449654,
      15.805336,
      21.220857,
      26.672009,
      32.206892,
      37.748058,
      43.295584,
      48.848997,
      54.439571,
      60.077876,
      65.612252,
      71.116282,
      76.654573,
      82.671318,
      88.327265,
      93.881338,
      99.422019,
      105.252909,
      111.703093,
      117.620721,
      123.352644,
      128.9113,
      134.479612,
      139.988515,
      145.528008,
      151.09502,
      156.695895,
      162.208002,
      167.715473,
      173.286889,
      178.854564,
      184.436422,
      189.943349,
      195.510303,
      201.075895,
      206.626076,
      212.158823,
      217.785298,
      223.368574,
      228.944,
      234.489414,
      239.989309,
      245.578916,
      251.18829,
      256.948745,
      262.704515,
      268.321717,
      273.906502,
      279.555
    ],
    "historial_intervalo_acc_train": [
      17.554741,
      64.669478,
      76.344552,
      81.024431,
      83.391385,
      84.940389,
      85.875939,
      86.524673,
      87.148837,
      87.502531,
      87.806399,
      88.160243,
      88.445204,
      88.649461,
      88.814357,
      88.974611,
      89.198747,
      89.381385,
      89.523892,
      89.798987,
      89.925741,
      89.968018,
      90.11301,
      90.212814,
      90.345753,
      90.412093,
      90.478916,
      90.570055,
      90.698899,
      90.754105,
      90.87177,
      90.996306,
      90.999094,
      91.035347,
      91.229631,
      91.252347,
      91.250779,
      91.317679,
      91.384202,
      91.527178,
      91.617179,
      91.610671,
      91.640549,
      91.767855,
      91.911051,
      91.896102,
      92.011376,
      92.039729,
      91.969477,
      92.141169,
      92.188379
    ],
    "historial_intervalo_loss": [
      2.279855,
      1.61435,
      1.145236,
      0.885743,
      0.738074,
      0.64741,
      0.586372,
      0.544002,
      0.510426,
      0.486114,
      0.4653,
      0.446585,
      0.432433,
      0.420851,
      0.409093,
      0.399364,
      0.392445,
      0.384048,
      0.376898,
      0.37117,
      0.365385,
      0.358764,
      0.353575,
      0.34958,
      0.345199,
      0.341181,
      0.337828,
      0.334046,
      0.331184,
      0.326101,
      0.323554,
      0.320417,
      0.318579,
      0.314589,
      0.311819,
      0.309783,
      0.307269,
      0.304599,
      0.302235,
      0.301345,
      0.298215,
      0.296946,
      0.294278,
      0.29129,
      0.29125,
      0.289032,
      0.287451,
      0.285565,
      0.283652,
      0.280568,
      0.279525
    ]
  }
}