{
  "nombre_modelo": "Ryzen3_1Worker",
  "fecha_guardado": "2026-03-17 12:25:13",
  "precision_test": 92.14285714285714,
  "epocas": 500,
  "learning_rate": 0.1,
  "training_time_seconds": 242.874440908432,
  "arquitectura": {
    "entrada": 784,
    "oculta": 128,
    "salida": 10
  },
  "info_extra": {
    "num_particiones": 1,
    "architecture": "Distributed with Sockets",
    "server_host": "localhost",
    "server_port": 9999,
    "tiempo_total_segundos": 242.874440908432,
    "historial_intervalo_epochs": [
      1,
      10,
      20,
      30,
      40,
      50,
      60,
      70,
      80,
      90,
      100,
      110,
      120,
      130,
      140,
      150,
      160,
      170,
      180,
      190,
      200,
      210,
      220,
      230,
      240,
      250,
      260,
      270,
      280,
      290,
      300,
      310,
      320,
      330,
      340,
      350,
      360,
      370,
      380,
      390,
      400,
      410,
      420,
      430,
      440,
      450,
      460,
      470,
      480,
      490,
      500
    ],
    "historial_intervalo_times": [
      0.247896,
      5.286159,
      10.882919,
      15.631702,
      20.360266,
      25.124764,
      29.846397,
      34.564815,
      39.303607,
      44.105496,
      50.168087,
      55.250928,
      59.980371,
      64.807428,
      69.501847,
      75.042392,
      79.848172,
      84.60526,
      89.303974,
      94.03915,
      98.843072,
      104.231236,
      109.30932,
      114.121702,
      118.910671,
      123.636138,
      128.388728,
      133.228019,
      138.099959,
      143.079478,
      147.791196,
      152.5345,
      157.277276,
      162.001343,
      166.721315,
      171.419054,
      176.105412,
      180.829983,
      185.53314,
      190.231116,
      194.945823,
      199.663599,
      204.451045,
      209.21238,
      213.938071,
      218.75442,
      223.465524,
      228.266842,
      232.985887,
      237.740153,
      242.52822
    ],
    "historial_intervalo_acc_train": [
      17.595918,
      64.420408,
      76.197959,
      80.959184,
      83.469388,
      84.944898,
      85.942857,
      86.671429,
      87.159184,
      87.565306,
      87.906122,
      88.222449,
      88.508163,
      88.781633,
      89.018367,
      89.185714,
      89.357143,
      89.5,
      89.671429,
      89.795918,
      89.946939,
      90.067347,
      90.177551,
      90.318367,
      90.404082,
      90.514286,
      90.620408,
      90.722449,
      90.8,
      90.893878,
      90.97551,
      91.018367,
      91.087755,
      91.153061,
      91.230612,
      91.302041,
      91.363265,
      91.422449,
      91.491837,
      91.573469,
      91.620408,
      91.687755,
      91.746939,
      91.810204,
      91.859184,
      91.920408,
      91.979592,
      92.038776,
      92.1,
      92.159184,
      92.193878
    ],
    "historial_intervalo_loss": [
      2.277781,
      1.614914,
      1.145757,
      0.885235,
      0.737547,
      0.646338,
      0.585213,
      0.541514,
      0.508662,
      0.482964,
      0.462247,
      0.445123,
      0.430681,
      0.418285,
      0.407478,
      0.397953,
      0.389474,
      0.381854,
      0.374947,
      0.368645,
      0.362857,
      0.35751,
      0.352547,
      0.347919,
      0.343583,
      0.339504,
      0.335657,
      0.332014,
      0.328555,
      0.325262,
      0.322125,
      0.319127,
      0.316252,
      0.313487,
      0.310828,
      0.308267,
      0.30579,
      0.303395,
      0.301075,
      0.298829,
      0.296651,
      0.294535,
      0.292477,
      0.290473,
      0.288519,
      0.286613,
      0.28475,
      0.282932,
      0.281154,
      0.279415,
      0.277714
    ]
  }
}